<annotation>
	<folder>images</folder>
	<filename>0_full.jpg</filename>
	<path>F:\Anderes\ai\Anilyze\Anilyze-train\Anilyze-dataset\zero-two\images\0_full.jpg</path>
	<source>
		<database>Unknown</database>
	</source>
	<size>
		<width>1353</width>
		<height>828</height>
		<depth>3</depth>
	</size>
	<segmented>0</segmented>
	<object>
		<name>zeroTwo</name>
		<pose>Unspecified</pose>
		<truncated>0</truncated>
		<difficult>0</difficult>
		<bndbox>
			<xmin>410</xmin>
			<ymin>262</ymin>
			<xmax>542</xmax>
			<ymax>383</ymax>
		</bndbox>
	</object>
</annotation>
