<annotation>
	<folder>images</folder>
	<filename>0fb01d9572872b6ef906de33be97bb70.png</filename>
	<path>F:\Anderes\ai\Anilyze\Anilyze-train\Anilyze-dataset\zero-two\images\0fb01d9572872b6ef906de33be97bb70.png</path>
	<source>
		<database>Unknown</database>
	</source>
	<size>
		<width>1624</width>
		<height>2772</height>
		<depth>3</depth>
	</size>
	<segmented>0</segmented>
	<object>
		<name>zeroTwo</name>
		<pose>Unspecified</pose>
		<truncated>0</truncated>
		<difficult>0</difficult>
		<bndbox>
			<xmin>346</xmin>
			<ymin>174</ymin>
			<xmax>1323</xmax>
			<ymax>1263</ymax>
		</bndbox>
	</object>
</annotation>
