<annotation>
	<folder>images</folder>
	<filename>180-1805033_anime-darling-in-the-franxx-zero-two.png</filename>
	<path>F:\Anderes\ai\Anilyze\Anilyze-train\Anilyze-dataset\zero-two\images\180-1805033_anime-darling-in-the-franxx-zero-two.png</path>
	<source>
		<database>Unknown</database>
	</source>
	<size>
		<width>0</width>
		<height>0</height>
		<depth>3</depth>
	</size>
	<segmented>0</segmented>
	<object>
		<name>zeroTwo</name>
		<pose>Unspecified</pose>
		<truncated>0</truncated>
		<difficult>0</difficult>
		<bndbox>
			<xmin>289</xmin>
			<ymin>92</ymin>
			<xmax>543</xmax>
			<ymax>393</ymax>
		</bndbox>
	</object>
</annotation>
