<annotation>
	<folder>images</folder>
	<filename>19.jpg</filename>
	<path>F:\Anderes\ai\Anilyze\Anilyze-train\Anilyze-dataset\zero-two\images\19.jpg</path>
	<source>
		<database>Unknown</database>
	</source>
	<size>
		<width>661</width>
		<height>935</height>
		<depth>3</depth>
	</size>
	<segmented>0</segmented>
	<object>
		<name>zeroTwo</name>
		<pose>Unspecified</pose>
		<truncated>0</truncated>
		<difficult>0</difficult>
		<bndbox>
			<xmin>76</xmin>
			<ymin>131</ymin>
			<xmax>559</xmax>
			<ymax>637</ymax>
		</bndbox>
	</object>
</annotation>
