<annotation>
	<folder>images</folder>
	<filename>352557.jpg</filename>
	<path>F:\Anderes\ai\Anilyze\Anilyze-train\Anilyze-dataset\zero-two\images\352557.jpg</path>
	<source>
		<database>Unknown</database>
	</source>
	<size>
		<width>225</width>
		<height>350</height>
		<depth>3</depth>
	</size>
	<segmented>0</segmented>
	<object>
		<name>zeroTwo</name>
		<pose>Unspecified</pose>
		<truncated>1</truncated>
		<difficult>0</difficult>
		<bndbox>
			<xmin>1</xmin>
			<ymin>2</ymin>
			<xmax>217</xmax>
			<ymax>222</ymax>
		</bndbox>
	</object>
</annotation>
