<annotation>
	<folder>images</folder>
	<filename>59c49bbf0f99941a60faa1d8c1a5e3ff_15a13cde70a6a502d9f3a397e97.jpg</filename>
	<path>F:\Anderes\ai\Anilyze\Anilyze-train\Anilyze-dataset\zero-two\images\59c49bbf0f99941a60faa1d8c1a5e3ff_15a13cde70a6a502d9f3a397e97.jpg</path>
	<source>
		<database>Unknown</database>
	</source>
	<size>
		<width>280</width>
		<height>392</height>
		<depth>3</depth>
	</size>
	<segmented>0</segmented>
	<object>
		<name>zeroTwo</name>
		<pose>Unspecified</pose>
		<truncated>0</truncated>
		<difficult>0</difficult>
		<bndbox>
			<xmin>110</xmin>
			<ymin>2</ymin>
			<xmax>217</xmax>
			<ymax>109</ymax>
		</bndbox>
	</object>
</annotation>
