<annotation>
	<folder>images</folder>
	<filename>61d-hssa2dL-_AC_UY606_.jpg</filename>
	<path>F:\Anderes\ai\Anilyze\Anilyze-train\Anilyze-dataset\zero-two\images\61d-hssa2dL-_AC_UY606_.jpg</path>
	<source>
		<database>Unknown</database>
	</source>
	<size>
		<width>412</width>
		<height>606</height>
		<depth>3</depth>
	</size>
	<segmented>0</segmented>
	<object>
		<name>zeroTwo</name>
		<pose>Unspecified</pose>
		<truncated>0</truncated>
		<difficult>0</difficult>
		<bndbox>
			<xmin>75</xmin>
			<ymin>49</ymin>
			<xmax>149</xmax>
			<ymax>122</ymax>
		</bndbox>
	</object>
	<object>
		<name>zeroTwo</name>
		<pose>Unspecified</pose>
		<truncated>0</truncated>
		<difficult>0</difficult>
		<bndbox>
			<xmin>259</xmin>
			<ymin>32</ymin>
			<xmax>338</xmax>
			<ymax>111</ymax>
		</bndbox>
	</object>
</annotation>
