<annotation>
	<folder>images</folder>
	<filename>61RGYqaKwIL-_AC_SL1000_.jpg</filename>
	<path>F:\Anderes\ai\Anilyze\Anilyze-train\Anilyze-dataset\zero-two\images\61RGYqaKwIL-_AC_SL1000_.jpg</path>
	<source>
		<database>Unknown</database>
	</source>
	<size>
		<width>1000</width>
		<height>1000</height>
		<depth>3</depth>
	</size>
	<segmented>0</segmented>
	<object>
		<name>zeroTwo</name>
		<pose>Unspecified</pose>
		<truncated>0</truncated>
		<difficult>0</difficult>
		<bndbox>
			<xmin>286</xmin>
			<ymin>85</ymin>
			<xmax>720</xmax>
			<ymax>506</ymax>
		</bndbox>
	</object>
</annotation>
