<annotation>
	<folder>images</folder>
	<filename>6e4688c6d933d49a61f95ac68ecc1ebd.jpg</filename>
	<path>F:\Anderes\ai\Anilyze\Anilyze-train\Anilyze-dataset\zero-two\images\6e4688c6d933d49a61f95ac68ecc1ebd.jpg</path>
	<source>
		<database>Unknown</database>
	</source>
	<size>
		<width>1372</width>
		<height>1864</height>
		<depth>3</depth>
	</size>
	<segmented>0</segmented>
	<object>
		<name>zeroTwo</name>
		<pose>Unspecified</pose>
		<truncated>0</truncated>
		<difficult>0</difficult>
		<bndbox>
			<xmin>186</xmin>
			<ymin>82</ymin>
			<xmax>728</xmax>
			<ymax>608</ymax>
		</bndbox>
	</object>
</annotation>
