<annotation>
	<folder>images</folder>
	<filename>81hGIQ2on7L-_AC_SL1500_.jpg</filename>
	<path>F:\Anderes\ai\Anilyze\Anilyze-train\Anilyze-dataset\zero-two\images\81hGIQ2on7L-_AC_SL1500_.jpg</path>
	<source>
		<database>Unknown</database>
	</source>
	<size>
		<width>1500</width>
		<height>966</height>
		<depth>3</depth>
	</size>
	<segmented>0</segmented>
	<object>
		<name>zeroTwo</name>
		<pose>Unspecified</pose>
		<truncated>1</truncated>
		<difficult>0</difficult>
		<bndbox>
			<xmin>832</xmin>
			<ymin>1</ymin>
			<xmax>1134</xmax>
			<ymax>282</ymax>
		</bndbox>
	</object>
</annotation>
