<annotation>
	<folder>images</folder>
	<filename>aniyuki-zerotwo-21.jpg</filename>
	<path>F:\Anderes\ai\Anilyze\Anilyze-train\Anilyze-dataset\zero-two\images\aniyuki-zerotwo-21.jpg</path>
	<source>
		<database>Unknown</database>
	</source>
	<size>
		<width>723</width>
		<height>1024</height>
		<depth>3</depth>
	</size>
	<segmented>0</segmented>
	<object>
		<name>zeroTwo</name>
		<pose>Unspecified</pose>
		<truncated>0</truncated>
		<difficult>0</difficult>
		<bndbox>
			<xmin>334</xmin>
			<ymin>47</ymin>
			<xmax>551</xmax>
			<ymax>300</ymax>
		</bndbox>
	</object>
</annotation>
