<annotation>
	<folder>images</folder>
	<filename>b129ef0221c71384b6586ca02fdb1d73.jpg</filename>
	<path>F:\Anderes\ai\Anilyze\Anilyze-train\Anilyze-dataset\zero-two\images\b129ef0221c71384b6586ca02fdb1d73.jpg</path>
	<source>
		<database>Unknown</database>
	</source>
	<size>
		<width>1027</width>
		<height>1134</height>
		<depth>3</depth>
	</size>
	<segmented>0</segmented>
	<object>
		<name>zeroTwo</name>
		<pose>Unspecified</pose>
		<truncated>0</truncated>
		<difficult>0</difficult>
		<bndbox>
			<xmin>317</xmin>
			<ymin>38</ymin>
			<xmax>851</xmax>
			<ymax>619</ymax>
		</bndbox>
	</object>
</annotation>
