<annotation>
	<folder>images</folder>
	<filename>c18e72bcb24d8ed79205d4882f9ff927.jpg</filename>
	<path>F:\Anderes\ai\Anilyze\Anilyze-train\Anilyze-dataset\zero-two\images\c18e72bcb24d8ed79205d4882f9ff927.jpg</path>
	<source>
		<database>Unknown</database>
	</source>
	<size>
		<width>623</width>
		<height>1382</height>
		<depth>3</depth>
	</size>
	<segmented>0</segmented>
	<object>
		<name>zeroTwo</name>
		<pose>Unspecified</pose>
		<truncated>0</truncated>
		<difficult>0</difficult>
		<bndbox>
			<xmin>160</xmin>
			<ymin>82</ymin>
			<xmax>451</xmax>
			<ymax>426</ymax>
		</bndbox>
	</object>
</annotation>
