<annotation>
	<folder>images</folder>
	<filename>db7858b67d02da5f3377305995ccbfdf.jpg</filename>
	<path>F:\Anderes\ai\Anilyze\Anilyze-train\Anilyze-dataset\zero-two\images\db7858b67d02da5f3377305995ccbfdf.jpg</path>
	<source>
		<database>Unknown</database>
	</source>
	<size>
		<width>1000</width>
		<height>950</height>
		<depth>3</depth>
	</size>
	<segmented>0</segmented>
	<object>
		<name>zeroTwo</name>
		<pose>Unspecified</pose>
		<truncated>0</truncated>
		<difficult>0</difficult>
		<bndbox>
			<xmin>163</xmin>
			<ymin>37</ymin>
			<xmax>792</xmax>
			<ymax>734</ymax>
		</bndbox>
	</object>
</annotation>
