<annotation>
	<folder>images</folder>
	<filename>deeb73c203441971ba7e4b0549_YyAxMTI4eDYzNCszNisyMAJyZSA0ODAgM.png</filename>
	<path>F:\Anderes\ai\Anilyze\Anilyze-train\Anilyze-dataset\zero-two\images\deeb73c203441971ba7e4b0549_YyAxMTI4eDYzNCszNisyMAJyZSA0ODAgM.png</path>
	<source>
		<database>Unknown</database>
	</source>
	<size>
		<width>0</width>
		<height>0</height>
		<depth>3</depth>
	</size>
	<segmented>0</segmented>
	<object>
		<name>zeroTwo</name>
		<pose>Unspecified</pose>
		<truncated>1</truncated>
		<difficult>0</difficult>
		<bndbox>
			<xmin>1</xmin>
			<ymin>1</ymin>
			<xmax>276</xmax>
			<ymax>233</ymax>
		</bndbox>
	</object>
</annotation>
