<annotation>
	<folder>images</folder>
	<filename>flat-750x1000-075-f.jpg</filename>
	<path>F:\Anderes\ai\Anilyze\Anilyze-train\Anilyze-dataset\zero-two\images\flat-750x1000-075-f.jpg</path>
	<source>
		<database>Unknown</database>
	</source>
	<size>
		<width>750</width>
		<height>920</height>
		<depth>3</depth>
	</size>
	<segmented>0</segmented>
	<object>
		<name>zeroTwo</name>
		<pose>Unspecified</pose>
		<truncated>1</truncated>
		<difficult>0</difficult>
		<bndbox>
			<xmin>206</xmin>
			<ymin>2</ymin>
			<xmax>750</xmax>
			<ymax>870</ymax>
		</bndbox>
	</object>
</annotation>
