<annotation>
	<folder>images</folder>
	<filename>fposter-small-wall_texture-product-750x1000.jpg</filename>
	<path>F:\Anderes\ai\Anilyze\Anilyze-train\Anilyze-dataset\zero-two\images\fposter-small-wall_texture-product-750x1000.jpg</path>
	<source>
		<database>Unknown</database>
	</source>
	<size>
		<width>750</width>
		<height>1000</height>
		<depth>3</depth>
	</size>
	<segmented>0</segmented>
	<object>
		<name>zeroTwo</name>
		<pose>Unspecified</pose>
		<truncated>0</truncated>
		<difficult>0</difficult>
		<bndbox>
			<xmin>222</xmin>
			<ymin>297</ymin>
			<xmax>608</xmax>
			<ymax>607</ymax>
		</bndbox>
	</object>
</annotation>
