<annotation>
	<folder>images</folder>
	<filename>Hiro02_Ep-4.png</filename>
	<path>F:\Anderes\ai\Anilyze\Anilyze-train\Anilyze-dataset\zero-two\images\Hiro02_Ep-4.png</path>
	<source>
		<database>Unknown</database>
	</source>
	<size>
		<width>958</width>
		<height>765</height>
		<depth>3</depth>
	</size>
	<segmented>0</segmented>
	<object>
		<name>zeroTwo</name>
		<pose>Unspecified</pose>
		<truncated>0</truncated>
		<difficult>0</difficult>
		<bndbox>
			<xmin>650</xmin>
			<ymin>21</ymin>
			<xmax>865</xmax>
			<ymax>274</ymax>
		</bndbox>
	</object>
</annotation>
