<annotation>
	<folder>images</folder>
	<filename>il_fullxfull-2878357423_egjd.jpg</filename>
	<path>F:\Anderes\ai\Anilyze\Anilyze-train\Anilyze-dataset\zero-two\images\il_fullxfull-2878357423_egjd.jpg</path>
	<source>
		<database>Unknown</database>
	</source>
	<size>
		<width>2048</width>
		<height>2048</height>
		<depth>3</depth>
	</size>
	<segmented>0</segmented>
	<object>
		<name>zeroTwo</name>
		<pose>Unspecified</pose>
		<truncated>0</truncated>
		<difficult>0</difficult>
		<bndbox>
			<xmin>558</xmin>
			<ymin>440</ymin>
			<xmax>1366</xmax>
			<ymax>1285</ymax>
		</bndbox>
	</object>
</annotation>
