<annotation>
	<folder>images</folder>
	<filename>image (15).jpeg</filename>
	<path>F:\Anderes\ai\Anilyze\Anilyze-train\Anilyze-dataset\zero-two\images\image (15).jpeg</path>
	<source>
		<database>Unknown</database>
	</source>
	<size>
		<width>225</width>
		<height>225</height>
		<depth>3</depth>
	</size>
	<segmented>0</segmented>
	<object>
		<name>zeroTwo</name>
		<pose>Unspecified</pose>
		<truncated>0</truncated>
		<difficult>0</difficult>
		<bndbox>
			<xmin>63</xmin>
			<ymin>18</ymin>
			<xmax>166</xmax>
			<ymax>115</ymax>
		</bndbox>
	</object>
</annotation>
